<ImportExportXml xmlns:xsi="http://www.w3.org/2001/XMLSchema-instance">
  <Entities></Entities>
  <Roles></Roles>
  <Workflows></Workflows>
  <FieldSecurityProfiles></FieldSecurityProfiles>
  <Templates />
  <EntityMaps />
  <EntityRelationships />
  <OrganizationSettings />
  <optionsets />
  <CustomControls />
  <SolutionPluginAssemblies>
    <PluginAssembly FullName="SKWorkflowActivities, Version=1.0.0.0, Culture=neutral, PublicKeyToken=91aea0eed4477798" PluginAssemblyId="0713e8b0-9287-ea11-a812-000d3a347bb9" CustomizationLevel="1">
      <IsolationMode>2</IsolationMode>
      <SourceType>0</SourceType>
      <IntroducedVersion>1.0</IntroducedVersion>
      <FileName>/PluginAssemblies/SKWorkflowActivities-0713E8B0-9287-EA11-A812-000D3A347BB9/SKWorkflowActivities.dll</FileName>
      <PluginTypes>
        <PluginType AssemblyQualifiedName="SKWorkflowActivities.AssociateOptionSetValue, SKWorkflowActivities, Version=1.0.0.0, Culture=neutral, PublicKeyToken=91aea0eed4477798" PluginTypeId="193dd560-5d90-48a5-93ac-081d636d850b" Name="Associate OptionSet Value">
          <FriendlyName>Associate OptionSet Value</FriendlyName>
          <WorkflowActivityGroupName>SKWorkflowActivities</WorkflowActivityGroupName>
        </PluginType>
        <PluginType AssemblyQualifiedName="SKWorkflowActivities.EmailUserOnPostMention, SKWorkflowActivities, Version=1.0.0.0, Culture=neutral, PublicKeyToken=91aea0eed4477798" PluginTypeId="6893d84a-69e6-46d8-bd7d-fc9438603073" Name="Email User On Post Mention">
          <FriendlyName>Email User On Post Mention</FriendlyName>
          <WorkflowActivityGroupName>SKWorkflowActivities</WorkflowActivityGroupName>
        </PluginType>
        <PluginType AssemblyQualifiedName="SKWorkflowActivities.FileUpload, SKWorkflowActivities, Version=1.0.0.0, Culture=neutral, PublicKeyToken=91aea0eed4477798" PluginTypeId="a213709c-0878-426a-b382-7560c7049527" Name="File Upload">
          <FriendlyName>File Upload</FriendlyName>
          <WorkflowActivityGroupName>SKWorkflowActivities</WorkflowActivityGroupName>
        </PluginType>
        <PluginType AssemblyQualifiedName="SKWorkflowActivities.GetContactByAttribute, SKWorkflowActivities, Version=1.0.0.0, Culture=neutral, PublicKeyToken=91aea0eed4477798" PluginTypeId="aff4c834-5500-44b2-9df7-7fd583122862" Name="Get Contact By Attribute">
          <FriendlyName>Get Contact By Attribute</FriendlyName>
          <WorkflowActivityGroupName>SKWorkflowActivities</WorkflowActivityGroupName>
        </PluginType>
        <PluginType AssemblyQualifiedName="SKWorkflowActivities.GetLeadByAttribute, SKWorkflowActivities, Version=1.0.0.0, Culture=neutral, PublicKeyToken=91aea0eed4477798" PluginTypeId="a64ad376-3261-414f-b083-7fe9cbc52d7f" Name="Get Lead By Attribute">
          <FriendlyName>Get Lead By Attribute</FriendlyName>
          <WorkflowActivityGroupName>SKWorkflowActivities</WorkflowActivityGroupName>
        </PluginType>
        <PluginType AssemblyQualifiedName="SKWorkflowActivities.GetOpportunityByAttribute, SKWorkflowActivities, Version=1.0.0.0, Culture=neutral, PublicKeyToken=91aea0eed4477798" PluginTypeId="f8fd0111-ee15-4a41-bfc6-b17e62a8d087" Name="Get Opportunity By Attribute">
          <FriendlyName>Get Opportunity By Attribute</FriendlyName>
          <WorkflowActivityGroupName>SKWorkflowActivities</WorkflowActivityGroupName>
        </PluginType>
        <PluginType AssemblyQualifiedName="SKWorkflowActivities.GetOpportunityProductByAttribute, SKWorkflowActivities, Version=1.0.0.0, Culture=neutral, PublicKeyToken=91aea0eed4477798" PluginTypeId="f079a425-78a9-428f-8798-bcea48c6d1ba" Name="Get Opportunity Product By Attribute">
          <FriendlyName>Get Opportunity Product By Attribute</FriendlyName>
          <WorkflowActivityGroupName>SKWorkflowActivities</WorkflowActivityGroupName>
        </PluginType>
        <PluginType AssemblyQualifiedName="SKWorkflowActivities.GetProductByAttribute, SKWorkflowActivities, Version=1.0.0.0, Culture=neutral, PublicKeyToken=91aea0eed4477798" PluginTypeId="f2ba2497-7d39-488d-b5d8-15abe38194f5" Name="Get Product By Attribute">
          <FriendlyName>Get Product By Attribute</FriendlyName>
          <WorkflowActivityGroupName>SKWorkflowActivities</WorkflowActivityGroupName>
        </PluginType>
        <PluginType AssemblyQualifiedName="SKWorkflowActivities.GetStringByValue, SKWorkflowActivities, Version=1.0.0.0, Culture=neutral, PublicKeyToken=91aea0eed4477798" PluginTypeId="f0746a35-02dd-4e46-86ae-1de3b8c29154" Name="Get String By Value">
          <FriendlyName>Get String By Value</FriendlyName>
          <WorkflowActivityGroupName>SKWorkflowActivities</WorkflowActivityGroupName>
        </PluginType>
        <PluginType AssemblyQualifiedName="SKWorkflowActivities.GetUserByAttribute, SKWorkflowActivities, Version=1.0.0.0, Culture=neutral, PublicKeyToken=91aea0eed4477798" PluginTypeId="2f6addda-ec40-41a2-b06c-78d61e88b826" Name="Get User By Attribute">
          <FriendlyName>Get User By Attribute</FriendlyName>
          <WorkflowActivityGroupName>SKWorkflowActivities</WorkflowActivityGroupName>
        </PluginType>
      </PluginTypes>
    </PluginAssembly>
  </SolutionPluginAssemblies>
  <EntityDataProviders />
  <Languages>
    <Language>1033</Language>
  </Languages>
</ImportExportXml>